183.215.206.39,https://proxy.mimvp.com/common/ygrandimg.php?id=1&port=NmDiNmtvapW12cDUzMjgx,HTTP/HTTPS
202.112.237.102,https://proxy.mimvp.com/common/ygrandimg.php?id=2&port=NmDiNmtvapW12cDMxMjgO0O,HTTP/HTTPS
203.86.26.9,https://proxy.mimvp.com/common/ygrandimg.php?id=3&port=NmDiNmtvapW12cDMxMjgO0O,HTTP/HTTPS
124.192.27.246,https://proxy.mimvp.com/common/ygrandimg.php?id=4&port=NmDiNmtvapW12cDMxMjgO0O,HTTP
140.143.98.55,https://proxy.mimvp.com/common/ygrandimg.php?id=5&port=NmDiNmtvapW12cDMxMjgO0O,HTTP/HTTPS
111.11.98.58,https://proxy.mimvp.com/common/ygrandimg.php?id=6&port=NmDiNmtvapW12cDkwMDAO0O,HTTP
182.61.170.45,https://proxy.mimvp.com/common/ygrandimg.php?id=7&port=NmDiNmtvapW12cDMxMjgO0O,HTTP/HTTPS
111.47.154.38,https://proxy.mimvp.com/common/ygrandimg.php?id=8&port=NmDiNmtvapW12cDUzMjgx,HTTP/HTTPS
182.106.140.122,https://proxy.mimvp.com/common/ygrandimg.php?id=9&port=NmDiNmtvapW12cDgw,HTTP/HTTPS
221.7.255.167,https://proxy.mimvp.com/common/ygrandimg.php?id=10&port=NmDiNmtvapW12cDgwODAO0O,HTTP/HTTPS
139.159.7.150,https://proxy.mimvp.com/common/ygrandimg.php?id=1&port=NmDiNmtvapW12cDUyOTA4,HTTPS
120.194.42.157,https://proxy.mimvp.com/common/ygrandimg.php?id=2&port=NmDiNmtvapW12cDM4MTg1,HTTP/HTTPS
14.146.95.112,https://proxy.mimvp.com/common/ygrandimg.php?id=3&port=NmDiNmtvapW12cDk3OTcO0O,HTTPS
114.253.126.147,https://proxy.mimvp.com/common/ygrandimg.php?id=4&port=NmDiNmtvapW12cDgwNjAO0O,HTTP
112.98.126.100,https://proxy.mimvp.com/common/ygrandimg.php?id=5&port=NmDiNmtvapW12cDMzNDIx,HTTP/HTTPS
101.248.64.68,https://proxy.mimvp.com/common/ygrandimg.php?id=6&port=NmDiNmtvapW12cDgwODAO0O,HTTP
117.159.23.115,https://proxy.mimvp.com/common/ygrandimg.php?id=7&port=NmDiNmtvapW12cDM3ODAy,HTTP/HTTPS
36.106.215.187,https://proxy.mimvp.com/common/ygrandimg.php?id=8&port=NmDiNmtvapW12cDgxMTgO0O,HTTP
59.108.125.241,https://proxy.mimvp.com/common/ygrandimg.php?id=9&port=NmDiNmtvapW12cDgwODAO0O,HTTP
183.230.177.116,https://proxy.mimvp.com/common/ygrandimg.php?id=10&port=NmDiNmtvapW12cDgwNjAO0O,HTTP
58.250.23.210,https://proxy.mimvp.com/common/ygrandimg.php?id=1&port=NmDiNmtvapW12cDEwODAO0O,Socks5
218.24.45.194,https://proxy.mimvp.com/common/ygrandimg.php?id=2&port=NmDiNmtvapW12cDEwODAO0O,Socks4/Socks5
1.192.219.69,https://proxy.mimvp.com/common/ygrandimg.php?id=3&port=NmDiNmtvapW12cDUzNDk0,Socks4
36.7.172.12,https://proxy.mimvp.com/common/ygrandimg.php?id=4&port=NmDiNmtvapW12cDEwODAO0O,Socks4/Socks5
120.55.13.190,https://proxy.mimvp.com/common/ygrandimg.php?id=5&port=NmDiNmtvapW12cDEwODAO0O,Socks5
222.52.76.51,https://proxy.mimvp.com/common/ygrandimg.php?id=6&port=NmDiNmtvapW12cDEwODAO0O,Socks4
110.185.170.180,https://proxy.mimvp.com/common/ygrandimg.php?id=7&port=NmDiNmtvapW12cDEwODAO0O,Socks4
222.133.16.134,https://proxy.mimvp.com/common/ygrandimg.php?id=8&port=NmDiNmtvapW12cDEwODAO0O,Socks4
183.63.101.62,https://proxy.mimvp.com/common/ygrandimg.php?id=9&port=NmDiNmtvapW12cDMzNTU1,Socks4
103.20.33.185,https://proxy.mimvp.com/common/ygrandimg.php?id=10&port=NmDiNmtvapW12cDQxNDUO0O,Socks4
223.100.166.3,36945,HTTP
180.118.134.156,9000,HTTP
115.223.230.66,9000,HTTP
183.147.28.186,9000,HTTP
49.70.209.158,9000,HTTP
115.218.217.81,9000,HTTP
115.223.228.54,9000,HTTP
183.129.207.81,12368,HTTP
115.223.228.48,9000,HTTP
111.230.254.195,8118,HTTP
211.103.198.106,8118,HTTP
121.232.148.60,9000,HTTP
183.166.129.53,8080,HTTP
111.160.236.84,40610,HTTP
47.96.148.248,8118,HTTP
223.100.166.3,36945,HTTP
180.118.134.156,9000,HTTP
115.223.230.66,9000,HTTP
183.147.28.186,9000,HTTP
49.70.209.158,9000,HTTP
115.218.217.81,9000,HTTP
115.223.228.54,9000,HTTP
183.129.207.81,12368,HTTP
115.223.228.48,9000,HTTP
111.230.254.195,8118,HTTP
211.103.198.106,8118,HTTP
121.232.148.60,9000,HTTP
183.166.129.53,8080,HTTP
111.160.236.84,40610,HTTP
47.96.148.248,8118,HTTP
119.57.108.109,53281,HTTP
119.57.156.90,53281,HTTP
163.125.16.194,8888,HTTP
114.249.113.126,9000,HTTP
113.116.145.136,9000,HTTP
101.231.50.154,8000,HTTP
113.65.160.148,9797,HTTP
115.171.203.68,9000,HTTP
113.116.145.136,9000,HTTP
221.178.176.25,3128,HTTP
119.57.108.73,53281,HTTP
163.125.17.141,8888,HTTP
223.85.196.75,9797,HTTP
124.207.82.166,8008,HTTP
222.16.83.18,80,HTTP
